{
  "benchmark": [
    {
      "mode": "gpt2_only",
      "refine_ratio": 0.0,
      "loss": 4.222159409997221,
      "perplexity": 68.18055521159988,
      "top1_acc": 0.2955932315202692,
      "top5_acc": 0.5026552759178019,
      "refined_token_ratio": 0.0,
      "refined_token_top1": 0.0,
      "refined_token_top5": 0.0,
      "correction_rate": 0.0,
      "regression_rate": 0.0,
      "error_detection_precision": 0.0,
      "error_detection_recall": 0.0,
      "gpt2_error_detection_precision": 0.0,
      "gpt2_error_detection_recall": 0.0,
      "net_correction": 0.0,
      "mdlm_standard_top1": 0.5208241878841089,
      "mdlm_standard_top5": 0.7381474978050921,
      "mdlm_draft_context_top1": 0.15183325100170153,
      "mdlm_draft_context_top5": 0.2985756627696361,
      "estimated_mdlm_compute_saved": 1.0,
      "latency": 0.021090834217223648,
      "tokens_per_sec": 47914.968950891285
    },
    {
      "mode": "mdlm_only",
      "refine_ratio": 1.0,
      "loss": 2.7027438206040513,
      "perplexity": 14.92061510203923,
      "top1_acc": 0.5208241878841089,
      "top5_acc": 0.7381474978050921,
      "refined_token_ratio": 1.0,
      "refined_token_top1": 0.5208241878841089,
      "refined_token_top5": 0.7381474978050921,
      "correction_rate": 0.0,
      "regression_rate": 0.0,
      "error_detection_precision": 0.0,
      "error_detection_recall": 0.0,
      "gpt2_error_detection_precision": 0.0,
      "gpt2_error_detection_recall": 0.0,
      "net_correction": 0.0,
      "mdlm_standard_top1": 0.5208241878841089,
      "mdlm_standard_top5": 0.7381474978050921,
      "mdlm_draft_context_top1": 0.15183325100170153,
      "mdlm_draft_context_top5": 0.2985756627696361,
      "estimated_mdlm_compute_saved": 0.0,
      "latency": 0.019772558335292463,
      "tokens_per_sec": 7680.678650248137
    },
    {
      "mode": "random_refine",
      "refine_ratio": 0.05,
      "loss": 4.281422666860538,
      "perplexity": 72.3432872286345,
      "top1_acc": 0.29147837846752644,
      "top5_acc": 0.49824355971896955,
      "refined_token_ratio": 0.050285318468186166,
      "refined_token_top1": 0.21867825516562808,
      "refined_token_top5": 0.42825516562807475,
      "correction_rate": 0.1603563474387528,
      "regression_rate": 0.6455661664392905,
      "error_detection_precision": 0.6994916366021646,
      "error_detection_recall": 0.04993444311769802,
      "gpt2_error_detection_precision": 0.6994916366021646,
      "gpt2_error_detection_recall": 0.04993444311769802,
      "net_correction": -0.4852098190005377,
      "mdlm_standard_top1": 0.5208241878841089,
      "mdlm_standard_top5": 0.7381474978050921,
      "mdlm_draft_context_top1": 0.15183325100170153,
      "mdlm_draft_context_top5": 0.2985756627696361,
      "estimated_mdlm_compute_saved": 0.9497146815318138,
      "latency": 0.04101651257951744,
      "tokens_per_sec": 24638.04460965599
    },
    {
      "mode": "gpt2_mdlm_refine",
      "refine_ratio": 0.05,
      "loss": 4.203101694322409,
      "perplexity": 66.89349276538594,
      "top1_acc": 0.3011346769139427,
      "top5_acc": 0.5112972919484118,
      "refined_token_ratio": 0.050285318468186166,
      "refined_token_top1": 0.1381600524762217,
      "refined_token_top5": 0.27484421121679237,
      "correction_rate": 0.13487979755377477,
      "regression_rate": 0.7478005865102639,
      "error_detection_precision": 0.9720400131190554,
      "error_detection_recall": 0.06939078925803657,
      "gpt2_error_detection_precision": 0.9720400131190554,
      "gpt2_error_detection_recall": 0.06939078925803657,
      "net_correction": -0.6129207889564892,
      "mdlm_standard_top1": 0.5208241878841089,
      "mdlm_standard_top5": 0.7381474978050921,
      "mdlm_draft_context_top1": 0.15183325100170153,
      "mdlm_draft_context_top5": 0.2985756627696361,
      "estimated_mdlm_compute_saved": 0.9497146815318138,
      "latency": 0.041233098468122384,
      "tokens_per_sec": 24508.62787932232
    },
    {
      "mode": "random_refine",
      "refine_ratio": 0.1,
      "loss": 4.3405297210750735,
      "perplexity": 76.74818370263789,
      "top1_acc": 0.2882953458455652,
      "top5_acc": 0.49435547712504535,
      "refined_token_ratio": 0.10043045156183,
      "refined_token_top1": 0.2226783808194433,
      "refined_token_top5": 0.41711142129895723,
      "correction_rate": 0.15666511302726638,
      "regression_rate": 0.6198220739505144,
      "error_detection_precision": 0.7046555546432384,
      "error_detection_recall": 0.1004659221277891,
      "gpt2_error_detection_precision": 0.7046555546432384,
      "gpt2_error_detection_recall": 0.1004659221277891,
      "net_correction": -0.463156960923248,
      "mdlm_standard_top1": 0.5208241878841089,
      "mdlm_standard_top5": 0.7381474978050921,
      "mdlm_draft_context_top1": 0.15183325100170153,
      "mdlm_draft_context_top5": 0.2985756627696361,
      "estimated_mdlm_compute_saved": 0.89956954843817,
      "latency": 0.04112402099999599,
      "tokens_per_sec": 24573.634632342135
    },
    {
      "mode": "gpt2_mdlm_refine",
      "refine_ratio": 0.1,
      "loss": 4.240462803355417,
      "perplexity": 69.43998145975316,
      "top1_acc": 0.3052536530659366,
      "top5_acc": 0.516294488240921,
      "refined_token_ratio": 0.10043045156183,
      "refined_token_top1": 0.13482223499466295,
      "refined_token_top5": 0.27329830035306674,
      "correction_rate": 0.13003373617457403,
      "regression_rate": 0.7460148777895855,
      "error_detection_precision": 0.9613679284013465,
      "error_detection_recall": 0.13706656364870876,
      "gpt2_error_detection_precision": 0.9613679284013465,
      "gpt2_error_detection_recall": 0.13706656364870876,
      "net_correction": -0.6159811416150115,
      "mdlm_standard_top1": 0.5208241878841089,
      "mdlm_standard_top5": 0.7381474978050921,
      "mdlm_draft_context_top1": 0.15183325100170153,
      "mdlm_draft_context_top5": 0.2985756627696361,
      "estimated_mdlm_compute_saved": 0.89956954843817,
      "latency": 0.04106715359181787,
      "tokens_per_sec": 24607.662773784494
    },
    {
      "mode": "random_refine",
      "refine_ratio": 0.2,
      "loss": 4.5032103602338935,
      "perplexity": 90.30658309287932,
      "top1_acc": 0.2768290068278524,
      "top5_acc": 0.4808605732757199,
      "refined_token_ratio": 0.2003867467097668,
      "refined_token_top1": 0.20464599493837576,
      "refined_token_top5": 0.3976872903849715,
      "correction_rate": 0.14373680506685432,
      "regression_rate": 0.6520659446782093,
      "error_detection_precision": 0.7017139565029527,
      "error_detection_recall": 0.19962070660953854,
      "gpt2_error_detection_precision": 0.7017139565029527,
      "gpt2_error_detection_recall": 0.19962070660953854,
      "net_correction": -0.508329139611355,
      "mdlm_standard_top1": 0.5208241878841089,
      "mdlm_standard_top5": 0.7381474978050921,
      "mdlm_draft_context_top1": 0.15183325100170153,
      "mdlm_draft_context_top5": 0.2985756627696361,
      "estimated_mdlm_compute_saved": 0.7996132532902331,
      "latency": 0.04104686715484907,
      "tokens_per_sec": 24619.824525323933
    },
    {
      "mode": "gpt2_mdlm_refine",
      "refine_ratio": 0.2,
      "loss": 4.465581116876238,
      "perplexity": 86.97155549623903,
      "top1_acc": 0.3133926509878946,
      "top5_acc": 0.5251962595243592,
      "refined_token_ratio": 0.2003867467097668,
      "refined_token_top1": 0.14894755251949549,
      "refined_token_top5": 0.2923808152095636,
      "correction_rate": 0.14291030889467807,
      "regression_rate": 0.7566735112936345,
      "error_detection_precision": 0.9398777802925866,
      "error_detection_recall": 0.2673725738100255,
      "gpt2_error_detection_precision": 0.9398777802925866,
      "gpt2_error_detection_recall": 0.2673725738100255,
      "net_correction": -0.6137632023989564,
      "mdlm_standard_top1": 0.5208241878841089,