{
  "benchmark": [
    {
      "mode": "gpt2_only",
      "seed": 7,
      "requested_refine_ratio": 0.2,
      "loss": 4.200203234261015,
      "ppl": 66.69988536543896,
      "final_acc": 0.30233361631557126,
      "top5": 0.506554658348305,
      "correction_precision": 0.0,
      "correction_recall": 0.0,
      "wrong_edit_rate": 0.0,
      "preserve": 1.0,
      "refine_ratio": 0.0,
      "accept_rate": 0.0,
      "latency": 0.01377768203514279,
      "communication_MB": 0.005859375,
      "wrong_to_correct": 0,
      "correct_to_wrong": 0,
      "wrong_to_wrong": 70675,
      "correct_to_correct": 30627,
      "wrong_to_correct_ratio": 0.0,
      "correct_to_wrong_ratio": 0.0,
      "wrong_to_wrong_ratio": 0.6976663836844288,
      "correct_to_correct_ratio": 0.30233361631557126
    },
    {
      "mode": "direct_draft_context",
      "seed": 7,
      "requested_refine_ratio": 0.2,
      "loss": 5.698090343705424,
      "ppl": 298.2972115597352,
      "final_acc": 0.3038242088014057,
      "top5": 0.46006989003178617,
      "correction_precision": 0.1490715491494611,
      "correction_recall": 0.03248673505482844,
      "wrong_edit_rate": 0.07003624253110001,
      "preserve": 0.9299637574689,
      "refine_ratio": 1.0,
      "accept_rate": 1.0,
      "latency": 0.024640887105779257,
      "communication_MB": 0.005859375,
      "wrong_to_correct": 2296,
      "correct_to_wrong": 2145,
      "wrong_to_wrong": 68379,
      "correct_to_correct": 28482,
      "wrong_to_correct_ratio": 0.02266490296341632,
      "correct_to_wrong_ratio": 0.021174310477581886,
      "wrong_to_wrong_ratio": 0.6750014807210124,
      "correct_to_correct_ratio": 0.28115930583798937
    },
    {
      "mode": "random_refine_mask",
      "seed": 7,
      "requested_refine_ratio": 0.2,
      "loss": 4.493849212886885,
      "ppl": 89.46515437584304,
      "final_acc": 0.2831632149414621,
      "top5": 0.4839983415924661,
      "correction_precision": 0.1182745555231711,
      "correction_recall": 0.028708878669968164,
      "wrong_edit_rate": 0.12965683873706207,
      "preserve": 0.870343161262938,
      "refine_ratio": 0.20421117055931767,
      "accept_rate": 1.0,
      "latency": 0.02450470671938092,
      "communication_MB": 0.005859375,
      "wrong_to_correct": 2029,
      "correct_to_wrong": 3971,
      "wrong_to_wrong": 68646,
      "correct_to_correct": 26656,
      "wrong_to_correct_ratio": 0.02002921956131172,
      "correct_to_wrong_ratio": 0.03919962093542082,
      "wrong_to_wrong_ratio": 0.677637164123117,
      "correct_to_correct_ratio": 0.2631339953801504
    },
    {
      "mode": "low_conf_refine",
      "seed": 7,
      "requested_refine_ratio": 0.2,
      "loss": 4.394424664115405,
      "ppl": 80.99801628917147,
      "final_acc": 0.3182859173560246,
      "top5": 0.5277980691397998,
      "correction_precision": 0.147502356267672,
      "correction_recall": 0.03985850725150336,
      "wrong_edit_rate": 0.03921376563163222,
      "preserve": 0.9607862343683677,
      "refine_ratio": 0.20421117055931767,
      "accept_rate": 1.0,
      "latency": 0.024456486059789312,
      "communication_MB": 0.005859375,
      "wrong_to_correct": 2817,
      "correct_to_wrong": 1201,
      "wrong_to_wrong": 67858,
      "correct_to_correct": 29426,
      "wrong_to_correct_ratio": 0.02780794061321593,
      "correct_to_wrong_ratio": 0.01185563957276263,
      "wrong_to_wrong_ratio": 0.6698584430712128,
      "correct_to_correct_ratio": 0.2904779767428086
    },
    {
      "mode": "draft_refine_adapter",
      "seed": 7,
      "requested_refine_ratio": 0.2,
      "loss": 4.792047166256666,
      "ppl": 120.5478978227639,
      "final_acc": 0.320260212039249,
      "top5": 0.5256559594085013,
      "correction_precision": 0.15417155088935325,
      "correction_recall": 0.042801556420233464,
      "wrong_edit_rate": 0.03947497306298364,
      "preserve": 0.9605250269370164,
      "refine_ratio": 0.20421117055931767,
      "accept_rate": 1.0,
      "latency": 0.027119871475806575,
      "communication_MB": 0.005859375,
      "wrong_to_correct": 3025,
      "correct_to_wrong": 1209,
      "wrong_to_wrong": 67650,
      "correct_to_correct": 29418,
      "wrong_to_correct_ratio": 0.029861207083769322,
      "correct_to_wrong_ratio": 0.011934611360091607,
      "wrong_to_wrong_ratio": 0.6678051766006594,
      "correct_to_correct_ratio": 0.29039900495547966
    },
    {
      "mode": "adapter_gate",
      "seed": 7,
      "requested_refine_ratio": 0.2,
      "loss": 4.7799452989749245,
      "ppl": 119.09783509296435,
      "final_acc": 0.3210400584391226,
      "top5": 0.5261100471856429,
      "correction_precision": 0.15755862646566166,
      "correction_recall": 0.0425893172974885,
      "wrong_edit_rate": 0.03640578574460444,
      "preserve": 0.9635942142553956,
      "refine_ratio": 0.20421117055931767,
      "accept_rate": 0.9507903514284333,
      "latency": 0.027208667325394346,
      "communication_MB": 0.005859375,
      "wrong_to_correct": 3010,
      "correct_to_wrong": 1115,
      "wrong_to_wrong": 67665,
      "correct_to_correct": 29512,
      "wrong_to_correct_ratio": 0.029713134982527492,
      "correct_to_wrong_ratio": 0.01100669285897613,
      "wrong_to_wrong_ratio": 0.6679532487019012,
      "correct_to_correct_ratio": 0.2913269234565951
    },
    {
      "mode": "oracle_refine_mask",
      "seed": 7,
      "requested_refine_ratio": 0.2,
      "loss": 4.42291767196955,
      "ppl": 83.33908709657673,
      "final_acc": 0.32936171052891355,
      "top5": 0.5172750784782136,
      "correction_precision": 0.1465660296558,
      "correction_recall": 0.038740714538379906,
      "wrong_edit_rate": 0.0,
      "preserve": 1.0,
      "refine_ratio": 0.20421117055931767,
      "accept_rate": 1.0,
      "latency": 0.02467114217040944,
      "communication_MB": 0.005859375,
      "wrong_to_correct": 2738,
      "correct_to_wrong": 0,
      "wrong_to_wrong": 67937,
      "correct_to_correct": 30627,
      "wrong_to_correct_ratio": 0.027028094213342284,
      "correct_to_wrong_ratio": 0.0,
      "wrong_to_wrong_ratio": 0.6706382894710865,
      "correct_to_correct_ratio": 0.30233361631557126
    },
    {
      "mode": "error_aware_refine",
      "seed": 7,
      "requested_refine_ratio": 0.2,
      "loss": 4.383439354227104,
      "ppl": 80.11309743292546,
      "final_acc": 0.32197784841365423,
      "top5": 0.5311938559949458,
      "correction_precision": 0.15345058109636944,
      "correction_recall": 0.04222143615139724,
      "wrong_edit_rate": 0.032455023345414176,
      "preserve": 0.9675449766545858,
      "refine_ratio": 0.20421117055931767,
      "accept_rate": 1.0,
      "latency": 0.024551271675591124,
      "communication_MB": 0.005859375,
      "wrong_to_correct": 2984,
      "correct_to_wrong": 994,
      "wrong_to_wrong": 67691,
      "correct_to_correct": 29633,
      "wrong_to_correct_ratio": 0.029456476673708317,
      "correct_to_wrong_ratio": 0.009812244575625358,
      "wrong_to_wrong_ratio": 0.6682099070107205,
      "correct_to_correct_ratio": 0.2925213717399459
    },
    {
      "mode": "error_aware_adapter",
      "seed": 7,
      "requested_refine_ratio": 0.2,
      "loss": 4.807076159178974,
      "ppl": 122.37329389981868,
      "final_acc": 0.3238336854158852,
      "top5": 0.5295551914078696,
      "correction_precision": 0.15894673245393212,
      "correction_recall": 0.0446692607003891,
      "wrong_edit_rate": 0.03196525941163026,
      "preserve": 0.9680347405883697,
      "refine_ratio": 0.20421117055931767,
      "accept_rate": 1.0,
      "latency": 0.027039429155556717,
      "communication_MB": 0.005859375,
      "wrong_to_correct": 3157,
      "correct_to_wrong": 979,
      "wrong_to_wrong": 67518,
      "correct_to_correct": 29648,
      "wrong_to_correct_ratio": 0.031164241574697438,
      "correct_to_wrong_ratio": 0.009664172474383526,
      "wrong_to_wrong_ratio": 0.6665021421097312,