{
  "benchmark": [
    {
      "Block Size": 1,
      "Draft Top1": 0.32821144449380124,
      "Draft Top5": 0.5152647094455437,
      "PPL": 53.268433210199184,
      "Block EM": 0.32821144449380124,
      "Correction": 0.3168536422557654,
      "Regression": 0.5008103727714749,
      "Net": -0.1839567305157095,
      "Selected Ratio": 0.2042006135171686,
      "latency": 0.012692271816371191,
      "gpu_memory_MB": 3015.07275390625
    },
    {
      "Block Size": 2,
      "Draft Top1": 0.28042404579363933,
      "Draft Top5": 0.4686821929697671,
      "PPL": 89.10484985247113,
      "Block EM": 0.13408652299774848,
      "Correction": 0.2557263446736274,
      "Regression": 0.5226429101707498,
      "Net": -0.2669165654971224,
      "Selected Ratio": 0.1995208958670053,
      "latency": 0.013133842881092324,
      "gpu_memory_MB": 3014.07275390625
    },
    {
      "Block Size": 4,
      "Draft Top1": 0.2037379260416468,
      "Draft Top5": 0.37897464230600697,
      "PPL": 184.50600622876897,
      "Block EM": 0.020466089034956676,
      "Correction": 0.17890102070315106,
      "Regression": 0.6477393617021276,
      "Net": -0.4688383409989766,
      "Selected Ratio": 0.21641735659860803,
      "latency": 0.013397310512424262,
      "gpu_memory_MB": 3014.07275390625
    },
    {
      "Block Size": 8,
      "Draft Top1": 0.1403765307987571,
      "Draft Top5": 0.29424569216197805,
      "PPL": 347.2425500808395,
      "Block EM": 0.000523149359142035,
      "Correction": 0.11447770558827697,
      "Regression": 0.74085762019677,
      "Net": -0.6263799146084931,
      "Selected Ratio": 0.24813223603918594,
      "latency": 0.013513768220122025,
      "gpu_memory_MB": 3014.07275390625
    }
  ]
}
