{
  "benchmark": [
    {
      "mode": "gpt2_only",
      "refine_ratio": 0.0,
      "loss": 4.20408445564091,
      "perplexity": 66.95926541665024,
      "top1_acc": 0.29753725196186265,
      "top5_acc": 0.504002643767171,
      "refined_token_ratio": 0.0,
      "refined_token_top1": 0.0,
      "refined_token_top5": 0.0,
      "correction_rate": 0.0,
      "regression_rate": 0.0,
      "error_detection_precision": 0.0,
      "error_detection_recall": 0.0,
      "estimated_mdlm_compute_saved": 1.0,
      "latency": 0.022896675404626875,
      "tokens_per_sec": 44273.021392230345
    },
    {
      "mode": "mdlm_only",
      "refine_ratio": 1.0,
      "loss": 8.357300518175744,
      "perplexity": 4261.176258529135,
      "top1_acc": 0.052949329440024465,
      "top5_acc": 0.07563837605615045,
      "refined_token_ratio": 1.0,
      "refined_token_top1": 0.052949329440024465,
      "refined_token_top5": 0.07563837605615045,
      "correction_rate": 0.0,
      "regression_rate": 0.0,
      "error_detection_precision": 0.0,
      "error_detection_recall": 0.0,
      "estimated_mdlm_compute_saved": 0.0,
      "latency": 0.0198007236700505,
      "tokens_per_sec": 51195.35108372201
    },
    {
      "mode": "random_refine",
      "refine_ratio": 0.05,
      "loss": 4.259704918891282,
      "perplexity": 70.78909184836131,
      "top1_acc": 0.29431639382266045,
      "top5_acc": 0.5004019907172205,
      "refined_token_ratio": 0.0502858326633488,
      "refined_token_top1": 0.22981853849926434,
      "refined_token_top5": 0.43305541932319763,
      "correction_rate": 0.16432837894151966,
      "regression_rate": 0.6128170894526035,
      "error_detection_precision": 0.7061304561059343,
      "error_detection_recall": 0.05054838573775787,
      "estimated_mdlm_compute_saved": 0.9497141673366511,
      "latency": 0.04256078839069232,
      "tokens_per_sec": 23817.815372557536
    },
    {
      "mode": "gpt2_mdlm_refine",
      "refine_ratio": 0.05,
      "loss": 4.183116814718348,
      "perplexity": 65.56990429690555,
      "top1_acc": 0.3032193784187707,
      "top5_acc": 0.5127773859258857,
      "refined_token_ratio": 0.0502858326633488,
      "refined_token_top1": 0.14134379597842078,
      "refined_token_top5": 0.278175576262874,
      "correction_rate": 0.13840096910963054,
      "regression_rate": 0.7577854671280276,
      "error_detection_precision": 0.9716527709661599,
      "error_detection_recall": 0.06955581457400048,
      "estimated_mdlm_compute_saved": 0.9497141673366511,
      "latency": 0.04276789491996169,
      "tokens_per_sec": 23702.475931936937
    },
    {
      "mode": "random_refine",
      "refine_ratio": 0.1,
      "loss": 4.322717331096464,
      "perplexity": 75.39321853360494,
      "top1_acc": 0.2894925052160145,
      "top5_acc": 0.4953561440458516,
      "refined_token_ratio": 0.10043355808642554,
      "refined_token_top1": 0.21712012572438857,
      "refined_token_top5": 0.4174442589136627,
      "correction_rate": 0.15429769392033543,
      "regression_rate": 0.63433575677462,
      "error_detection_precision": 0.7027796876534722,
      "error_detection_recall": 0.10047887205268997,
      "estimated_mdlm_compute_saved": 0.8995664419135745,
      "latency": 0.042796589522622525,
      "tokens_per_sec": 23686.58370462323
    },
    {
      "mode": "gpt2_mdlm_refine",
      "refine_ratio": 0.1,
      "loss": 4.223717255790639,
      "perplexity": 68.28685277884055,
      "top1_acc": 0.3073231364154266,
      "top5_acc": 0.5178281649986929,
      "refined_token_ratio": 0.10043355808642554,
      "refined_token_top1": 0.13687260583439742,
      "refined_token_top5": 0.27556232197230135,
      "correction_rate": 0.13195971164169948,
      "regression_rate": 0.7434620174346201,
      "error_detection_precision": 0.9605637953049798,
      "error_detection_recall": 0.13733516830737688,
      "estimated_mdlm_compute_saved": 0.8995664419135745,
      "latency": 0.042788953697308896,
      "tokens_per_sec": 23690.810651061896
    },
    {
      "mode": "random_refine",
      "refine_ratio": 0.2,
      "loss": 4.485030681849009,
      "perplexity": 88.67967162751566,
      "top1_acc": 0.27956358112074026,
      "top5_acc": 0.4827883851810931,
      "refined_token_ratio": 0.20038867323333712,
      "refined_token_top1": 0.20801437467693898,
      "refined_token_top5": 0.40094026140251554,
      "correction_rate": 0.14583625403056216,
      "regression_rate": 0.6453079785035138,
      "error_detection_precision": 0.7022915794914711,
      "error_detection_recall": 0.20033984468255417,
      "estimated_mdlm_compute_saved": 0.7996113267666629,
      "latency": 0.042815661279018966,
      "tokens_per_sec": 23676.032781414673
    },
    {
      "mode": "gpt2_mdlm_refine",
      "refine_ratio": 0.2,
      "loss": 4.447667019638433,
      "perplexity": 85.4274108673665,
      "top1_acc": 0.31523470832244094,
      "top5_acc": 0.5264549351142591,
      "refined_token_ratio": 0.20038867323333712,
      "refined_token_top1": 0.14916188741477343,
      "refined_token_top5": 0.293622467816969,
      "correction_rate": 0.1430743021884419,
      "regression_rate": 0.7568770226537217,
      "error_detection_precision": 0.939153764737736,
      "error_detection_recall": 0.26790855088542176,
      "estimated_mdlm_compute_saved": 0.7996113267666629,
      "latency": 0.04285232248017565,
      "tokens_per_sec": 23655.777361167777
    },
    {
      "mode": "random_refine",
      "refine_ratio": 0.3,
      "loss": 4.686809066412781,
      "perplexity": 108.50639012556734,
      "top1_acc": 0.26491928125046244,
      "top5_acc": 0.46396140889114684,
      "refined_token_ratio": 0.3004720308176442,
      "refined_token_top1": 0.18913949899865393,
      "refined_token_top5": 0.3703010604419055,
      "correction_rate": 0.1289063413037889,
      "regression_rate": 0.6687620623104494,
      "error_detection_precision": 0.7023047375160051,
      "error_detection_recall": 0.30040444325857685,
      "estimated_mdlm_compute_saved": 0.6995279691823558,
      "latency": 0.04279464559396729,
      "tokens_per_sec": 23687.65965765822
    },
    {
      "mode": "gpt2_mdlm_refine",
      "refine_ratio": 0.3,
      "loss": 4.53172761445021,
      "perplexity": 92.91895061836588,
      "top1_acc": 0.3201967041693589,
      "top5_acc": 0.5264302731070677,
      "refined_token_ratio": 0.3004720308176442,
      "refined_token_top1": 0.1527134836993992,
      "refined_token_top5": 0.29966512360878556,
      "correction_rate": 0.142681776939636,
      "regression_rate": 0.7275430027606711,
      "error_detection_precision": 0.9226993663613382,
      "error_detection_recall": 0.394676234745608,
      "estimated_mdlm_compute_saved": 0.6995279691823558,
      "latency": 0.04281212269561365,
      "tokens_per_sec": 23677.989694817443
    }
  ]
}
