{
  "benchmark": [
    {
      "mode": "draft_refine_adapter",
      "seed": 7,
      "requested_refine_ratio": 0.2,
      "loss": 4.910946430598607,
      "ppl": 135.7678484680135,
      "final_acc": 0.32372509920830783,
      "top5": 0.5309273262127105,
      "correction_precision": 0.17159943239408068,
      "correction_recall": 0.047909444640962154,
      "wrong_edit_rate": 0.03980148235217292,
      "preserve": 0.960198517647827,
      "refine_ratio": 0.20421117055931767,
      "accept_rate": 1.0,
      "latency": 0.026751491601171438,
      "communication_MB": 0.005859375,
      "wrong_to_correct": 3386,
      "correct_to_wrong": 1219,
      "wrong_to_wrong": 67289,
      "correct_to_correct": 29408,
      "edit_gain": 2167,
      "wrong_to_correct_ratio": 0.0334248089869894,
      "correct_to_wrong_ratio": 0.012033326094252828,
      "wrong_to_wrong_ratio": 0.6642415746974394,
      "correct_to_correct_ratio": 0.2903002902213184
    },
    {
      "mode": "adapter_gate",
      "seed": 7,
      "requested_refine_ratio": 0.2,
      "loss": 4.900512959210532,
      "ppl": 134.35868253497014,
      "final_acc": 0.32441610234743634,
      "top5": 0.531134627154449,
      "correction_precision": 0.1734148597266468,
      "correction_recall": 0.047753802617615845,
      "wrong_edit_rate": 0.03715675710973977,
      "preserve": 0.9628432428902602,
      "refine_ratio": 0.20421117055931767,
      "accept_rate": 0.9653405520375115,
      "latency": 0.026720052664386457,
      "communication_MB": 0.005859375,
      "wrong_to_correct": 3375,
      "correct_to_wrong": 1138,
      "wrong_to_wrong": 67300,
      "correct_to_correct": 29489,
      "edit_gain": 2237,
      "wrong_to_correct_ratio": 0.033316222779412055,
      "correct_to_wrong_ratio": 0.011233736747546939,
      "wrong_to_wrong_ratio": 0.6643501609050166,
      "correct_to_correct_ratio": 0.2910998795680243
    },
    {
      "mode": "error_aware_refine",
      "seed": 7,
      "requested_refine_ratio": 0.2,
      "loss": 4.383439354227104,
      "ppl": 80.11309743292546,
      "final_acc": 0.32197784841365423,
      "top5": 0.5311938559949458,
      "correction_precision": 0.15345058109636944,
      "correction_recall": 0.04222143615139724,
      "wrong_edit_rate": 0.032455023345414176,
      "preserve": 0.9675449766545858,
      "refine_ratio": 0.20421117055931767,
      "accept_rate": 1.0,
      "latency": 0.024316222205452504,
      "communication_MB": 0.005859375,
      "wrong_to_correct": 2984,
      "correct_to_wrong": 994,
      "wrong_to_wrong": 67691,
      "correct_to_correct": 29633,
      "edit_gain": 1990,
      "wrong_to_correct_ratio": 0.029456476673708317,
      "correct_to_wrong_ratio": 0.009812244575625358,
      "wrong_to_wrong_ratio": 0.6682099070107205,
      "correct_to_correct_ratio": 0.2925213717399459
    },
    {
      "mode": "error_aware_adapter",
      "seed": 7,
      "requested_refine_ratio": 0.2,
      "loss": 4.957441854852554,
      "ppl": 142.22948644685866,
      "final_acc": 0.3274269017393536,
      "top5": 0.5335136522477345,
      "correction_precision": 0.17699824605362063,
      "correction_recall": 0.04997523876901309,
      "wrong_edit_rate": 0.03232441962973846,
      "preserve": 0.9676755803702616,
      "refine_ratio": 0.20421117055931767,
      "accept_rate": 1.0,
      "latency": 0.026747411504838964,
      "communication_MB": 0.005859375,
      "wrong_to_correct": 3532,
      "correct_to_wrong": 990,
      "wrong_to_wrong": 67143,
      "correct_to_correct": 29637,
      "edit_gain": 2542,
      "wrong_to_correct_ratio": 0.034866044105743225,
      "correct_to_wrong_ratio": 0.00977275868196087,
      "wrong_to_wrong_ratio": 0.6628003395786856,
      "correct_to_correct_ratio": 0.2925608576336104
    },
    {
      "mode": "error_aware_adapter_gate",
      "seed": 7,
      "requested_refine_ratio": 0.2,
      "loss": 4.947793016179345,
      "ppl": 140.8637366233529,
      "final_acc": 0.3279106039367436,
      "top5": 0.5336419814021441,
      "correction_precision": 0.17870895824888527,
      "correction_recall": 0.04990449239476477,
      "wrong_edit_rate": 0.030561269468116367,
      "preserve": 0.9694387305318837,
      "refine_ratio": 0.20421117055931767,
      "accept_rate": 0.974235026828443,
      "latency": 0.0266740130695689,
      "communication_MB": 0.005859375,
      "wrong_to_correct": 3527,
      "correct_to_wrong": 936,
      "wrong_to_wrong": 67148,
      "correct_to_correct": 29691,
      "edit_gain": 2591,
      "wrong_to_correct_ratio": 0.03481668673866261,
      "correct_to_wrong_ratio": 0.009239699117490277,
      "wrong_to_wrong_ratio": 0.6628496969457661,
      "correct_to_correct_ratio": 0.293093917198081
    },
    {
      "mode": "utility_gate",
      "seed": 7,
      "requested_refine_ratio": 0.2,
      "loss": 4.909232322504739,
      "ppl": 135.53532704043022,
      "final_acc": 0.32372509920830783,
      "top5": 0.5309964265266234,
      "correction_precision": 0.17159943239408068,
      "correction_recall": 0.047909444640962154,
      "wrong_edit_rate": 0.03980148235217292,
      "preserve": 0.960198517647827,
      "refine_ratio": 0.20421117055931767,
      "accept_rate": 0.9538357422535892,
      "latency": 0.026722420680089273,
      "communication_MB": 0.005859375,
      "wrong_to_correct": 3386,
      "correct_to_wrong": 1219,
      "wrong_to_wrong": 67289,
      "correct_to_correct": 29408,
      "edit_gain": 2167,
      "wrong_to_correct_ratio": 0.0334248089869894,
      "correct_to_wrong_ratio": 0.012033326094252828,
      "wrong_to_wrong_ratio": 0.6642415746974394,
      "correct_to_correct_ratio": 0.2903002902213184
    },
    {
      "mode": "error_aware_utility_gate",
      "seed": 7,
      "requested_refine_ratio": 0.2,
      "loss": 4.955603396559992,
      "ppl": 141.96824368359762,
      "final_acc": 0.3274269017393536,
      "top5": 0.5334642948806538,
      "correction_precision": 0.17699824605362063,
      "correction_recall": 0.04997523876901309,
      "wrong_edit_rate": 0.03232441962973846,
      "preserve": 0.9676755803702616,
      "refine_ratio": 0.20421117055931767,
      "accept_rate": 0.9646154589839029,
      "latency": 0.0267889651349833,
      "communication_MB": 0.005859375,
      "wrong_to_correct": 3532,
      "correct_to_wrong": 990,
      "wrong_to_wrong": 67143,
      "correct_to_correct": 29637,
      "edit_gain": 2542,
      "wrong_to_correct_ratio": 0.034866044105743225,
      "correct_to_wrong_ratio": 0.00977275868196087,
      "wrong_to_wrong_ratio": 0.6628003395786856,
      "correct_to_correct_ratio": 0.2925608576336104
    },
    {
      "mode": "random_refine_mask",
      "seed": 7,
      "requested_refine_ratio": 0.2,
      "loss": 4.493849212886885,
      "ppl": 89.46515437584304,
      "final_acc": 0.2831632149414621,
      "top5": 0.4839983415924661,
      "correction_precision": 0.1182745555231711,
      "correction_recall": 0.028708878669968164,
      "wrong_edit_rate": 0.12965683873706207,
      "preserve": 0.870343161262938,
      "refine_ratio": 0.20421117055931767,
      "accept_rate": 1.0,
      "latency": 0.024190740835256293,
      "communication_MB": 0.005859375,
      "wrong_to_correct": 2029,
      "correct_to_wrong": 3971,
      "wrong_to_wrong": 68646,
      "correct_to_correct": 26656,
      "edit_gain": -1942,
      "wrong_to_correct_ratio": 0.02002921956131172,
      "correct_to_wrong_ratio": 0.03919962093542082,
      "wrong_to_wrong_ratio": 0.677637164123117,
      "correct_to_correct_ratio": 0.2631339953801504
    },
    {
      "mode": "oracle_refine_mask",
      "seed": 7,
      "requested_refine_ratio": 0.2,
      "loss": 4.42291767196955,
      "ppl": 83.33908709657673,
      "final_acc": 0.32936171052891355,
      "top5": 0.5172750784782136,
      "correction_precision": 0.1465660296558,
      "correction_recall": 0.038740714538379906,
      "wrong_edit_rate": 0.0,
      "preserve": 1.0,
      "refine_ratio": 0.20421117055931767,