coarse_comm_MB,compression_ratio,denoising_accuracy,gpu_memory_MB,masked_token_accuracy,mode,refinement_gain_over_device_only,refinement_latency,tokens_per_sec,validation_loss
0.0,6.0,0.04649671848164871,1312.46630859375,0.04649671848164871,device_only,0.0,0.004718008309282595,64791.64087069652,7.858073875308037
0.0,6.0,0.049168089870363474,1708.46630859375,0.049168089870363474,edge_only,0.0026713713887147605,0.00601978804479586,50723.33904911675,7.860503986477852
0.25,6.0,0.05022261990234256,1708.46630859375,0.05022261990234256,coarse_to_fine,0.0037259014206938446,0.005976212843961548,50591.19510870375,7.864141717553139
