{
  "benchmark": [
    {
      "mode": "edge_only",
      "loss": 2.770704475697314,
      "perplexity": 15.969880440569716,
      "top1_acc": 0.5167303385588197,
      "top5_acc": 0.7368594388091161,
      "hard_top1_acc": 0.17282207256137302,
      "hard_top5_acc": 0.39691505539865307,
      "correction_rate": 0.0,
      "regression_rate": 0.0,
      "query_ratio": 0.0,
      "communication_MB": 0.0,
      "quality_gain_per_MB": 0.0,
      "latency": 0.024752069511450828,
      "tokens_per_sec": 6133.628540828268
    },
    {
      "mode": "gpt2_only",
      "loss": 6.923518134614505,
      "perplexity": 1015.8877447815465,
      "top1_acc": 0.16987221709919642,
      "top5_acc": 0.3045382690027664,
      "hard_top1_acc": 0.03845318270693026,
      "hard_top5_acc": 0.0964588311970454,
      "correction_rate": 0.0,
      "regression_rate": 0.0,
      "query_ratio": 1.0,
      "communication_MB": 4.6331787109375,
      "quality_gain_per_MB": -0.09330984120810476,
      "latency": 0.35972374739125373,
      "tokens_per_sec": 422.0460870348737
    },
    {
      "mode": "random_assist",
      "loss": 2.7709695637391,
      "perplexity": 15.974114426067931,
      "top1_acc": 0.5167303385588197,
      "top5_acc": 0.736793571334475,
      "hard_top1_acc": 0.17282207256137302,
      "hard_top5_acc": 0.3966978057788399,
      "correction_rate": 0.0,
      "regression_rate": 0.0,
      "query_ratio": 0.30318798577262546,
      "communication_MB": 1.40472412109375,
      "quality_gain_per_MB": -4.6889971953934645e-05,
      "latency": 0.13540628550807013,
      "tokens_per_sec": 1121.218261252367
    },
    {
      "mode": "gpt2_assist",
      "loss": 2.8204498200560413,
      "perplexity": 16.78439893360183,
      "top1_acc": 0.5107693321038071,
      "top5_acc": 0.7270781188249242,
      "hard_top1_acc": 0.15316098196828157,
      "hard_top5_acc": 0.364653486856398,
      "correction_rate": 0.009404388714733543,
      "regression_rate": 0.02033142128744423,
      "query_ratio": 0.30318798577262546,
      "communication_MB": 1.40472412109375,
      "quality_gain_per_MB": -0.0069631608351509566,
      "latency": 0.13540628550807013,
      "tokens_per_sec": 1121.218261252367
    }
  ],
  "comparisons": [
    {
      "comparison": "gpt2_assist vs edge_only",
      "top1_gain": -0.005961006455012519,
      "top5_gain": -0.00978131998419185,
      "hard_top1_gain": -0.019661090593091457,
      "hard_top5_gain": -0.03226156854225509,
      "extra_comm_MB": 1.40472412109375,
      "extra_latency": 0.1106542159966193,
      "conclusion": "not_clear"
    },
    {
      "comparison": "gpt2_assist vs random_assist",
      "top1_gain": -0.005961006455012519,
      "top5_gain": -0.009715452509550748,
      "hard_top1_gain": -0.019661090593091457,
      "hard_top5_gain": -0.03204431892244192,
      "extra_comm_MB": 0.0,
      "extra_latency": 0.0,
      "conclusion": "not_clear"
    }
  ]
}
