{
  "benchmark": [
    {
      "mode": "low_conf_refine",
      "seed": 7,
      "requested_refine_ratio": 0.2,
      "loss": 4.394424664115405,
      "ppl": 80.99801628917147,
      "final_acc": 0.3182859173560246,
      "top5": 0.5277980691397998,
      "correction_precision": 0.147502356267672,
      "correction_recall": 0.03985850725150336,
      "wrong_edit_rate": 0.03921376563163222,
      "preserve": 0.9607862343683677,
      "refine_ratio": 0.20421117055931767,
      "accept_rate": 1.0,
      "latency": 0.024946138805680675,
      "communication_MB": 0.005859375,
      "wrong_to_correct": 2817,
      "correct_to_wrong": 1201,
      "wrong_to_wrong": 67858,
      "correct_to_correct": 29426,
      "wrong_to_correct_ratio": 0.02780794061321593,
      "correct_to_wrong_ratio": 0.01185563957276263,
      "wrong_to_wrong_ratio": 0.6698584430712128,
      "correct_to_correct_ratio": 0.2904779767428086,
      "training_steps": 3000
    },
    {
      "mode": "draft_refine_adapter",
      "seed": 7,
      "requested_refine_ratio": 0.2,
      "loss": 4.792047166256666,
      "ppl": 120.5478978227639,
      "final_acc": 0.320260212039249,
      "top5": 0.5256559594085013,
      "correction_precision": 0.15417155088935325,
      "correction_recall": 0.042801556420233464,
      "wrong_edit_rate": 0.03947497306298364,
      "preserve": 0.9605250269370164,
      "refine_ratio": 0.20421117055931767,
      "accept_rate": 1.0,
      "latency": 0.027425427820562617,
      "communication_MB": 0.005859375,
      "wrong_to_correct": 3025,
      "correct_to_wrong": 1209,
      "wrong_to_wrong": 67650,
      "correct_to_correct": 29418,
      "wrong_to_correct_ratio": 0.029861207083769322,
      "correct_to_wrong_ratio": 0.011934611360091607,
      "wrong_to_wrong_ratio": 0.6678051766006594,
      "correct_to_correct_ratio": 0.29039900495547966,
      "training_steps": 3000
    },
    {
      "mode": "adapter_gate",
      "seed": 7,
      "requested_refine_ratio": 0.2,
      "loss": 4.7799452989749245,
      "ppl": 119.09783509296435,
      "final_acc": 0.3210400584391226,
      "top5": 0.5261100471856429,
      "correction_precision": 0.15755862646566166,
      "correction_recall": 0.0425893172974885,
      "wrong_edit_rate": 0.03640578574460444,
      "preserve": 0.9635942142553956,
      "refine_ratio": 0.20421117055931767,
      "accept_rate": 0.9507903514284333,
      "latency": 0.027536626960645662,
      "communication_MB": 0.005859375,
      "wrong_to_correct": 3010,
      "correct_to_wrong": 1115,
      "wrong_to_wrong": 67665,
      "correct_to_correct": 29512,
      "wrong_to_correct_ratio": 0.029713134982527492,
      "correct_to_wrong_ratio": 0.01100669285897613,
      "wrong_to_wrong_ratio": 0.6679532487019012,
      "correct_to_correct_ratio": 0.2913269234565951,
      "training_steps": 3000
    },
    {
      "mode": "utility_gate",
      "seed": 7,
      "requested_refine_ratio": 0.2,
      "loss": 4.792038905886761,
      "ppl": 120.54690205664927,
      "final_acc": 0.320260212039249,
      "top5": 0.5256757023553336,
      "correction_precision": 0.15417155088935325,
      "correction_recall": 0.042801556420233464,
      "wrong_edit_rate": 0.03947497306298364,
      "preserve": 0.9605250269370164,
      "refine_ratio": 0.20421117055931767,
      "accept_rate": 0.948470053656886,
      "latency": 0.0276437877749413,
      "communication_MB": 0.005859375,
      "wrong_to_correct": 3025,
      "correct_to_wrong": 1209,
      "wrong_to_wrong": 67650,
      "correct_to_correct": 29418,
      "wrong_to_correct_ratio": 0.029861207083769322,
      "correct_to_wrong_ratio": 0.011934611360091607,
      "wrong_to_wrong_ratio": 0.6678051766006594,
      "correct_to_correct_ratio": 0.29039900495547966,
      "training_steps": 3000
    },
    {
      "mode": "low_conf_refine",
      "seed": 7,
      "requested_refine_ratio": 0.2,
      "loss": 4.394424664115405,
      "ppl": 80.99801628917147,
      "final_acc": 0.3182859173560246,
      "top5": 0.5277980691397998,
      "correction_precision": 0.147502356267672,
      "correction_recall": 0.03985850725150336,
      "wrong_edit_rate": 0.03921376563163222,
      "preserve": 0.9607862343683677,
      "refine_ratio": 0.20421117055931767,
      "accept_rate": 1.0,
      "latency": 0.024881774959503673,
      "communication_MB": 0.005859375,
      "wrong_to_correct": 2817,
      "correct_to_wrong": 1201,
      "wrong_to_wrong": 67858,
      "correct_to_correct": 29426,
      "wrong_to_correct_ratio": 0.02780794061321593,
      "correct_to_wrong_ratio": 0.01185563957276263,
      "wrong_to_wrong_ratio": 0.6698584430712128,
      "correct_to_correct_ratio": 0.2904779767428086,
      "training_steps": 10000
    },
    {
      "mode": "draft_refine_adapter",
      "seed": 7,
      "requested_refine_ratio": 0.2,
      "loss": 4.910946430598607,
      "ppl": 135.7678484680135,
      "final_acc": 0.32372509920830783,
      "top5": 0.5309273262127105,
      "correction_precision": 0.17159943239408068,
      "correction_recall": 0.047909444640962154,
      "wrong_edit_rate": 0.03980148235217292,
      "preserve": 0.960198517647827,
      "refine_ratio": 0.20421117055931767,
      "accept_rate": 1.0,
      "latency": 0.027425941840192536,
      "communication_MB": 0.005859375,
      "wrong_to_correct": 3386,
      "correct_to_wrong": 1219,
      "wrong_to_wrong": 67289,
      "correct_to_correct": 29408,
      "wrong_to_correct_ratio": 0.0334248089869894,
      "correct_to_wrong_ratio": 0.012033326094252828,
      "wrong_to_wrong_ratio": 0.6642415746974394,
      "correct_to_correct_ratio": 0.2903002902213184,
      "training_steps": 10000
    },
    {
      "mode": "adapter_gate",
      "seed": 7,
      "requested_refine_ratio": 0.2,
      "loss": 4.900512959210532,
      "ppl": 134.35868253497014,
      "final_acc": 0.32441610234743634,
      "top5": 0.531134627154449,
      "correction_precision": 0.1734148597266468,
      "correction_recall": 0.047753802617615845,
      "wrong_edit_rate": 0.03715675710973977,
      "preserve": 0.9628432428902602,
      "refine_ratio": 0.20421117055931767,
      "accept_rate": 0.9653405520375115,
      "latency": 0.027635815085523062,
      "communication_MB": 0.005859375,
      "wrong_to_correct": 3375,
      "correct_to_wrong": 1138,
      "wrong_to_wrong": 67300,
      "correct_to_correct": 29489,
      "wrong_to_correct_ratio": 0.033316222779412055,
      "correct_to_wrong_ratio": 0.011233736747546939,
      "wrong_to_wrong_ratio": 0.6643501609050166,
      "correct_to_correct_ratio": 0.2910998795680243,
      "training_steps": 10000
    },
    {
      "mode": "utility_gate",
      "seed": 7,
      "requested_refine_ratio": 0.2,
      "loss": 4.909232322504739,
      "ppl": 135.53532704043022,
      "final_acc": 0.32372509920830783,
      "top5": 0.5309964265266234,
      "correction_precision": 0.17159943239408068,
      "correction_recall": 0.047909444640962154,
      "wrong_edit_rate": 0.03980148235217292,
      "preserve": 0.960198517647827,
      "refine_ratio": 0.20421117055931767,
      "accept_rate": 0.9538357422535892,
      "latency": 0.02772154109996336,
      "communication_MB": 0.005859375,
      "wrong_to_correct": 3386,
      "correct_to_wrong": 1219,
      "wrong_to_wrong": 67289,
      "correct_to_correct": 29408,
      "wrong_to_correct_ratio": 0.0334248089869894,
      "correct_to_wrong_ratio": 0.012033326094252828,
      "wrong_to_wrong_ratio": 0.6642415746974394,
      "correct_to_correct_ratio": 0.2903002902213184,
      "training_steps": 10000
    }
  ]
}
