{
  "benchmark": [
    {
      "mode": "random_refine_mask",
      "seed": 7,
      "requested_refine_ratio": 0.4,
      "loss": 4.958552641434692,
      "ppl": 142.3875608291863,
      "final_acc": 0.24999506426329193,
      "top5": 0.4412351187538252,
      "correction_precision": 0.09549482377907144,
      "correction_recall": 0.04711708524938097,
      "wrong_edit_rate": 0.28184281842818426,
      "preserve": 0.7181571815718157,
      "refine_ratio": 0.40335827525616474,
      "accept_rate": 1.0,
      "latency": 0.024855975399477755,
      "communication_MB": 0.005859375,
      "wrong_to_correct": 3330,
      "correct_to_wrong": 8632,
      "wrong_to_wrong": 67345,
      "correct_to_correct": 21995,
      "wrong_to_correct_ratio": 0.03287200647568656,
      "correct_to_wrong_ratio": 0.08521055852796589,
      "wrong_to_wrong_ratio": 0.6647943772087421,
      "correct_to_correct_ratio": 0.21712305778760538
    },
    {
      "mode": "low_conf_refine",
      "seed": 7,
      "requested_refine_ratio": 0.4,
      "loss": 4.570219330739552,
      "ppl": 96.56528718618449,
      "final_acc": 0.3240212434107915,
      "top5": 0.5218850565635427,
      "correction_precision": 0.1414929857031732,
      "correction_recall": 0.07463742483197736,
      "wrong_edit_rate": 0.1004995592124596,
      "preserve": 0.8995004407875404,
      "refine_ratio": 0.40335827525616474,
      "accept_rate": 1.0,
      "latency": 0.024772380628492102,
      "communication_MB": 0.005859375,
      "wrong_to_correct": 5275,
      "correct_to_wrong": 3078,
      "wrong_to_wrong": 65400,
      "correct_to_correct": 27549,
      "wrong_to_correct_ratio": 0.052072022270044024,
      "correct_to_wrong_ratio": 0.030384395174823796,
      "wrong_to_wrong_ratio": 0.6455943614143848,
      "correct_to_correct_ratio": 0.2719492211407475
    },
    {
      "mode": "draft_refine_adapter",
      "seed": 7,
      "requested_refine_ratio": 0.4,
      "loss": 5.602234707333178,
      "ppl": 271.03140704868287,
      "final_acc": 0.3199936822570137,
      "top5": 0.5096148151073029,
      "correction_precision": 0.13065039594963002,
      "correction_recall": 0.07119915104350902,
      "wrong_edit_rate": 0.10588696248408268,
      "preserve": 0.8941130375159173,
      "refine_ratio": 0.40335827525616474,
      "accept_rate": 1.0,
      "latency": 0.02739311229910527,
      "communication_MB": 0.005859375,
      "wrong_to_correct": 5032,
      "correct_to_wrong": 3243,
      "wrong_to_wrong": 65643,
      "correct_to_correct": 27384,
      "wrong_to_correct_ratio": 0.049673254229926356,
      "correct_to_wrong_ratio": 0.032013188288483936,
      "wrong_to_wrong_ratio": 0.6479931294545024,
      "correct_to_correct_ratio": 0.27032042802708733
    },
    {
      "mode": "adapter_gate",
      "seed": 7,
      "requested_refine_ratio": 0.4,
      "loss": 5.563070157120695,
      "ppl": 260.6217590355897,
      "final_acc": 0.3215435035833448,
      "top5": 0.5111054075931374,
      "correction_precision": 0.13337776592908557,
      "correction_recall": 0.07078882207286877,
      "wrong_edit_rate": 0.09981388970516211,
      "preserve": 0.9001861102948379,
      "refine_ratio": 0.40335827525616474,
      "accept_rate": 0.9483615183182007,
      "latency": 0.027449708809072035,
      "communication_MB": 0.005859375,
      "wrong_to_correct": 5003,
      "correct_to_wrong": 3057,
      "wrong_to_wrong": 65672,
      "correct_to_correct": 27570,
      "wrong_to_correct_ratio": 0.049386981500858816,
      "correct_to_wrong_ratio": 0.03017709423308523,
      "wrong_to_wrong_ratio": 0.6482794021835699,
      "correct_to_correct_ratio": 0.27215652208248603
    },
    {
      "mode": "oracle_refine_mask",
      "seed": 7,
      "requested_refine_ratio": 0.4,
      "loss": 4.511177997627144,
      "ppl": 91.02898730689154,
      "final_acc": 0.3590649740380249,
      "top5": 0.5161398590353596,
      "correction_precision": 0.15622366596895643,
      "correction_recall": 0.08131588256101875,
      "wrong_edit_rate": 0.0,
      "preserve": 1.0,
      "refine_ratio": 0.40335827525616474,
      "accept_rate": 1.0,
      "latency": 0.02493919822925818,
      "communication_MB": 0.005859375,
      "wrong_to_correct": 5747,
      "correct_to_wrong": 0,
      "wrong_to_wrong": 64928,
      "correct_to_correct": 30627,
      "wrong_to_correct_ratio": 0.056731357722453656,
      "correct_to_wrong_ratio": 0.0,
      "wrong_to_wrong_ratio": 0.640935025961975,
      "correct_to_correct_ratio": 0.30233361631557126
    },
    {
      "mode": "error_aware_refine",
      "seed": 7,
      "requested_refine_ratio": 0.4,
      "loss": 4.5723513834253025,
      "ppl": 96.77138909807522,
      "final_acc": 0.3269826854356281,
      "top5": 0.5252512289984403,
      "correction_precision": 0.1427053730312608,
      "correction_recall": 0.07602405376724443,
      "wrong_edit_rate": 0.09390407157083619,
      "preserve": 0.9060959284291638,
      "refine_ratio": 0.40335827525616474,
      "accept_rate": 1.0,
      "latency": 0.02489057979430072,
      "communication_MB": 0.005859375,
      "wrong_to_correct": 5373,
      "correct_to_wrong": 2876,
      "wrong_to_wrong": 65302,
      "correct_to_correct": 27751,
      "wrong_to_correct_ratio": 0.053039426664823995,
      "correct_to_wrong_ratio": 0.028390357544767132,
      "wrong_to_wrong_ratio": 0.6446269570196047,
      "correct_to_correct_ratio": 0.2739432587708041
    },
    {
      "mode": "error_aware_adapter",
      "seed": 7,
      "requested_refine_ratio": 0.4,
      "loss": 5.648013330306596,
      "ppl": 283.72723324213894,
      "final_acc": 0.32059584213539716,
      "top5": 0.51051311918817,
      "correction_precision": 0.1277780642499871,
      "correction_recall": 0.07012380615493456,
      "wrong_edit_rate": 0.10141378522218956,
      "preserve": 0.8985862147778104,
      "refine_ratio": 0.40335827525616474,
      "accept_rate": 1.0,
      "latency": 0.02736157548351912,
      "communication_MB": 0.005859375,
      "wrong_to_correct": 4956,
      "correct_to_wrong": 3106,
      "wrong_to_wrong": 65719,
      "correct_to_correct": 27521,
      "wrong_to_correct_ratio": 0.04892302225030108,
      "correct_to_wrong_ratio": 0.03066079643047521,
      "wrong_to_wrong_ratio": 0.6487433614341277,
      "correct_to_correct_ratio": 0.27167281988509606
    },
    {
      "mode": "error_aware_adapter_gate",
      "seed": 7,
      "requested_refine_ratio": 0.4,
      "loss": 5.6081153026269845,
      "ppl": 272.6299285879774,
      "final_acc": 0.3219679769402381,
      "top5": 0.5123294702967365,
      "correction_precision": 0.13013245908574148,
      "correction_recall": 0.06964273081004599,
      "wrong_edit_rate": 0.09576517451921507,
      "preserve": 0.9042348254807849,
      "refine_ratio": 0.40335827525616474,
      "accept_rate": 0.9515675093610044,
      "latency": 0.027301913223782323,
      "communication_MB": 0.005859375,
      "wrong_to_correct": 4922,
      "correct_to_wrong": 2933,
      "wrong_to_wrong": 65753,
      "correct_to_correct": 27694,
      "wrong_to_correct_ratio": 0.04858739215415293,
      "correct_to_wrong_ratio": 0.02895303152948609,
      "wrong_to_wrong_ratio": 0.6490789915302758,
      "correct_to_correct_ratio": 0.2733805847860852
    },
    {
      "mode": "utility_gate",
      "seed": 7,
      "requested_refine_ratio": 0.4,
      "loss": 5.588604318549825,
      "ppl": 267.3622067190717,
      "final_acc": 0.3199936822570137,
      "top5": 0.510187360565438,
      "correction_precision": 0.13065039594963002,
      "correction_recall": 0.07119915104350902,
      "wrong_edit_rate": 0.10588696248408268,
      "preserve": 0.8941130375159173,
      "refine_ratio": 0.40335827525616474,
      "accept_rate": 0.9425858397983408,
      "latency": 0.02732068751931365,
      "communication_MB": 0.005859375,
      "wrong_to_correct": 5032,
      "correct_to_wrong": 3243,
      "wrong_to_wrong": 65643,
      "correct_to_correct": 27384,