{
  "benchmark": [
    {
      "mode": "random_refine_mask",
      "seed": 7,
      "requested_refine_ratio": 0.6,
      "loss": 5.703794970827483,
      "ppl": 300.00374887480774,
      "final_acc": 0.19737023948194507,
      "top5": 0.3661132060571361,
      "correction_precision": 0.06602401551312649,
      "correction_recall": 0.050102582242660065,
      "wrong_edit_rate": 0.4627942664968818,
      "preserve": 0.5372057335031182,
      "refine_ratio": 0.6037985429705238,
      "accept_rate": 1.0,
      "latency": 0.02500892929507245,
      "communication_MB": 0.005859375,
      "wrong_to_correct": 3541,
      "correct_to_wrong": 14174,
      "wrong_to_wrong": 67134,
      "correct_to_correct": 16453,
      "wrong_to_correct_ratio": 0.03495488736648832,
      "correct_to_wrong_ratio": 0.13991826420011452,
      "wrong_to_wrong_ratio": 0.6627114963179405,
      "correct_to_correct_ratio": 0.16241535211545674
    },
    {
      "mode": "low_conf_refine",
      "seed": 7,
      "requested_refine_ratio": 0.6,
      "loss": 4.992791181810869,
      "ppl": 147.34712266970624,
      "final_acc": 0.30347870723184145,
      "top5": 0.47646640737596496,
      "correction_precision": 0.11729383506805445,
      "correction_recall": 0.09120622568093385,
      "wrong_edit_rate": 0.2066803800568126,
      "preserve": 0.7933196199431873,
      "refine_ratio": 0.6037985429705238,
      "accept_rate": 1.0,
      "latency": 0.02492138912457449,
      "communication_MB": 0.005859375,
      "wrong_to_correct": 6446,
      "correct_to_wrong": 6330,
      "wrong_to_wrong": 64229,
      "correct_to_correct": 24297,
      "wrong_to_correct_ratio": 0.063631517640323,
      "correct_to_wrong_ratio": 0.06248642672405283,
      "wrong_to_wrong_ratio": 0.6340348660441057,
      "correct_to_correct_ratio": 0.23984718959151843
    },
    {
      "mode": "draft_refine_adapter",
      "seed": 7,
      "requested_refine_ratio": 0.6,
      "loss": 6.765468191548384,
      "ppl": 867.3722090768209,
      "final_acc": 0.2924423999526169,
      "top5": 0.45605220035142446,
      "correction_precision": 0.10243613011308111,
      "correction_recall": 0.08305624336752741,
      "wrong_edit_rate": 0.22437718353087147,
      "preserve": 0.7756228164691286,
      "refine_ratio": 0.6037985429705238,
      "accept_rate": 1.0,
      "latency": 0.027750268419986242,
      "communication_MB": 0.005859375,
      "wrong_to_correct": 5870,
      "correct_to_wrong": 6872,
      "wrong_to_wrong": 64805,
      "correct_to_correct": 23755,
      "wrong_to_correct_ratio": 0.05794554895263667,
      "correct_to_wrong_ratio": 0.067836765315591,
      "wrong_to_wrong_ratio": 0.6397208347317921,
      "correct_to_correct_ratio": 0.23449685099998024
    },
    {
      "mode": "adapter_gate",
      "seed": 7,
      "requested_refine_ratio": 0.6,
      "loss": 6.687444330770401,
      "ppl": 802.269294970632,
      "final_acc": 0.2956605002862727,
      "top5": 0.4591617144775029,
      "correction_precision": 0.10426548767608786,
      "correction_recall": 0.08241952599929253,
      "wrong_edit_rate": 0.21226368890194927,
      "preserve": 0.7877363110980508,
      "refine_ratio": 0.6037985429705238,
      "accept_rate": 0.9447732400353137,
      "latency": 0.027813110215793132,
      "communication_MB": 0.005859375,
      "wrong_to_correct": 5825,
      "correct_to_wrong": 6501,
      "wrong_to_wrong": 64850,
      "correct_to_correct": 24126,
      "wrong_to_correct_ratio": 0.05750133264891118,
      "correct_to_wrong_ratio": 0.0641744486782097,
      "wrong_to_wrong_ratio": 0.6401650510355176,
      "correct_to_correct_ratio": 0.23815916763736156
    },
    {
      "mode": "oracle_refine_mask",
      "seed": 7,
      "requested_refine_ratio": 0.6,
      "loss": 4.657504703795643,
      "ppl": 105.37281744013636,
      "final_acc": 0.3879192908333498,
      "top5": 0.5100491599376122,
      "correction_precision": 0.15855643994211288,
      "correction_recall": 0.12401839405730457,
      "wrong_edit_rate": 0.0031018382472981355,
      "preserve": 0.9968981617527019,
      "refine_ratio": 0.6037985429705238,
      "accept_rate": 1.0,
      "latency": 0.025131595624770853,
      "communication_MB": 0.005859375,
      "wrong_to_correct": 8765,
      "correct_to_wrong": 95,
      "wrong_to_wrong": 61910,
      "correct_to_correct": 30532,
      "wrong_to_correct_ratio": 0.08652346449231012,
      "correct_to_wrong_ratio": 0.0009377899745315986,
      "wrong_to_wrong_ratio": 0.6111429191921186,
      "correct_to_correct_ratio": 0.3013958263410397
    },
    {
      "mode": "error_aware_refine",
      "seed": 7,
      "requested_refine_ratio": 0.6,
      "loss": 4.9905753939180615,
      "ppl": 147.02099414850227,
      "final_acc": 0.3051667291859983,
      "top5": 0.47655525063671006,
      "correction_precision": 0.11798516799332741,
      "correction_recall": 0.09206933144676335,
      "wrong_edit_rate": 0.20308877787573057,
      "preserve": 0.7969112221242695,
      "refine_ratio": 0.6037985429705238,
      "accept_rate": 1.0,
      "latency": 0.025027439794139354,
      "communication_MB": 0.005859375,
      "wrong_to_correct": 6507,
      "correct_to_wrong": 6220,
      "wrong_to_wrong": 64168,
      "correct_to_correct": 24407,
      "wrong_to_correct_ratio": 0.06423367751870644,
      "correct_to_wrong_ratio": 0.0614005646482794,
      "wrong_to_wrong_ratio": 0.6334327061657223,
      "correct_to_correct_ratio": 0.24093305166729187
    },
    {
      "mode": "error_aware_adapter",
      "seed": 7,
      "requested_refine_ratio": 0.6,
      "loss": 6.788319519793692,
      "ppl": 887.42101463412,
      "final_acc": 0.29443643758267357,
      "top5": 0.4562002724526663,
      "correction_precision": 0.10415435424995655,
      "correction_recall": 0.08478245489918641,
      "wrong_edit_rate": 0.22176510921735723,
      "preserve": 0.7782348907826427,
      "refine_ratio": 0.6037985429705238,
      "accept_rate": 1.0,
      "latency": 0.0275306582506164,
      "communication_MB": 0.005859375,
      "wrong_to_correct": 5992,
      "correct_to_wrong": 6792,
      "wrong_to_wrong": 64683,
      "correct_to_correct": 23835,
      "wrong_to_correct_ratio": 0.059149868709403565,
      "correct_to_wrong_ratio": 0.06704704744230124,
      "wrong_to_wrong_ratio": 0.6385165149750252,
      "correct_to_correct_ratio": 0.23528656887327
    },
    {
      "mode": "error_aware_adapter_gate",
      "seed": 7,
      "requested_refine_ratio": 0.6,
      "loss": 6.714072198915433,
      "ppl": 823.9189792444033,
      "final_acc": 0.2972103216126039,
      "top5": 0.45908274269017396,
      "correction_precision": 0.10611888734551413,
      "correction_recall": 0.0843155288291475,
      "wrong_edit_rate": 0.21151271753681392,
      "preserve": 0.7884872824631861,
      "refine_ratio": 0.6037985429705238,
      "accept_rate": 0.9457868750613085,
      "latency": 0.02748287979484303,
      "communication_MB": 0.005859375,
      "wrong_to_correct": 5959,
      "correct_to_wrong": 6478,
      "wrong_to_wrong": 64716,
      "correct_to_correct": 24149,
      "wrong_to_correct_ratio": 0.05882411008667154,
      "correct_to_wrong_ratio": 0.0639474047896389,
      "wrong_to_wrong_ratio": 0.6388422735977572,
      "correct_to_correct_ratio": 0.23838621152593237
    },
    {
      "mode": "utility_gate",
      "seed": 7,
      "requested_refine_ratio": 0.6,
      "loss": 6.721349419715461,
      "ppl": 829.9366891223398,
      "final_acc": 0.2924423999526169,
      "top5": 0.45790803735365543,
      "correction_precision": 0.10243613011308111,
      "correction_recall": 0.08305624336752741,
      "wrong_edit_rate": 0.22437718353087147,
      "preserve": 0.7756228164691286,
      "refine_ratio": 0.6037985429705238,
      "accept_rate": 0.9368603472517412,
      "latency": 0.027642808339660405,
      "communication_MB": 0.005859375,
      "wrong_to_correct": 5870,
      "correct_to_wrong": 6872,
      "wrong_to_wrong": 64805,