{
  "benchmark": [
    {
      "mode": "random_refine_mask",
      "seed": 7,
      "requested_refine_ratio": 0.1,
      "loss": 4.325542607130165,
      "ppl": 75.60652637190468,
      "final_acc": 0.2939132494916191,
      "top5": 0.4974235454383921,
      "correction_precision": 0.12700081785255288,
      "correction_recall": 0.015380261761584718,
      "wrong_edit_rate": 0.06334280210271982,
      "preserve": 0.9366571978972802,
      "refine_ratio": 0.10263370910742137,
      "accept_rate": 1.0,
      "latency": 0.024656783339814865,
      "communication_MB": 0.005859375,
      "wrong_to_correct": 1087,
      "correct_to_wrong": 1940,
      "wrong_to_wrong": 69588,
      "correct_to_correct": 28687,
      "wrong_to_correct_ratio": 0.010730291603324713,
      "correct_to_wrong_ratio": 0.019150658427276854,
      "wrong_to_wrong_ratio": 0.6869360920811041,
      "correct_to_correct_ratio": 0.2831829578882944
    },
    {
      "mode": "low_conf_refine",
      "seed": 7,
      "requested_refine_ratio": 0.1,
      "loss": 4.387685695284505,
      "ppl": 80.45400826736858,
      "final_acc": 0.3108329549268524,
      "top5": 0.5197034609385797,
      "correction_precision": 0.1419926969222744,
      "correction_recall": 0.019257163070392644,
      "wrong_edit_rate": 0.01632546445946387,
      "preserve": 0.9836745355405361,
      "refine_ratio": 0.10263370910742137,
      "accept_rate": 1.0,
      "latency": 0.02461336969936383,
      "communication_MB": 0.005859375,
      "wrong_to_correct": 1361,
      "correct_to_wrong": 500,
      "wrong_to_wrong": 69314,
      "correct_to_correct": 30127,
      "wrong_to_correct_ratio": 0.013435075319342165,
      "correct_to_wrong_ratio": 0.004935736708061045,
      "wrong_to_wrong_ratio": 0.6842313083650866,
      "correct_to_correct_ratio": 0.29739787960751024
    },
    {
      "mode": "draft_refine_adapter",
      "seed": 7,
      "requested_refine_ratio": 0.1,
      "loss": 4.546251419795513,
      "ppl": 94.27833519277533,
      "final_acc": 0.31208663205069986,
      "top5": 0.5197133324119958,
      "correction_precision": 0.1517604208822339,
      "correction_recall": 0.02122391227449593,
      "wrong_edit_rate": 0.016717275606491003,
      "preserve": 0.983282724393509,
      "refine_ratio": 0.10263370910742137,
      "accept_rate": 1.0,
      "latency": 0.027280459624962533,
      "communication_MB": 0.005859375,
      "wrong_to_correct": 1500,
      "correct_to_wrong": 512,
      "wrong_to_wrong": 69175,
      "correct_to_correct": 30115,
      "wrong_to_correct_ratio": 0.014807210124183135,
      "correct_to_wrong_ratio": 0.0050541943890545105,
      "wrong_to_wrong_ratio": 0.6828591735602456,
      "correct_to_correct_ratio": 0.29727942192651674
    },
    {
      "mode": "adapter_gate",
      "seed": 7,
      "requested_refine_ratio": 0.1,
      "loss": 4.542091862630196,
      "ppl": 93.88699353633217,
      "final_acc": 0.3124518765670964,
      "top5": 0.5198515330398216,
      "correction_precision": 0.15561118064246976,
      "correction_recall": 0.02111071807569862,
      "wrong_edit_rate": 0.015247983805139257,
      "preserve": 0.9847520161948607,
      "refine_ratio": 0.10263370910742137,
      "accept_rate": 0.9471001250360681,
      "latency": 0.027252327074529605,
      "communication_MB": 0.005859375,
      "wrong_to_correct": 1492,
      "correct_to_wrong": 467,
      "wrong_to_wrong": 69183,
      "correct_to_correct": 30160,
      "wrong_to_correct_ratio": 0.014728238336854159,
      "correct_to_wrong_ratio": 0.004609978085329016,
      "wrong_to_wrong_ratio": 0.6829381453475746,
      "correct_to_correct_ratio": 0.2977236382302422
    },
    {
      "mode": "oracle_refine_mask",
      "seed": 7,
      "requested_refine_ratio": 0.1,
      "loss": 4.385380057944392,
      "ppl": 80.26872418277785,
      "final_acc": 0.3152849894375234,
      "top5": 0.5157252571518824,
      "correction_precision": 0.13871854514696552,
      "correction_recall": 0.018563848602759107,
      "wrong_edit_rate": 0.0,
      "preserve": 1.0,
      "refine_ratio": 0.10263370910742137,
      "accept_rate": 1.0,
      "latency": 0.024748555874175508,
      "communication_MB": 0.005859375,
      "wrong_to_correct": 1312,
      "correct_to_wrong": 0,
      "wrong_to_wrong": 69363,
      "correct_to_correct": 30627,
      "wrong_to_correct_ratio": 0.012951373121952183,
      "correct_to_wrong_ratio": 0.0,
      "wrong_to_wrong_ratio": 0.6847150105624765,
      "correct_to_correct_ratio": 0.30233361631557126
    },
    {
      "mode": "error_aware_refine",
      "seed": 7,
      "requested_refine_ratio": 0.1,
      "loss": 4.312285094215888,
      "ppl": 74.61078697046956,
      "final_acc": 0.31419912736175004,
      "top5": 0.5229511756924838,
      "correction_precision": 0.1571645569620253,
      "correction_recall": 0.021959674566678456,
      "wrong_edit_rate": 0.01142782512162471,
      "preserve": 0.9885721748783753,
      "refine_ratio": 0.10263370910742137,
      "accept_rate": 1.0,
      "latency": 0.02468141480901977,
      "communication_MB": 0.005859375,
      "wrong_to_correct": 1552,
      "correct_to_wrong": 350,
      "wrong_to_wrong": 69123,
      "correct_to_correct": 30277,
      "wrong_to_correct_ratio": 0.015320526741821484,
      "correct_to_wrong_ratio": 0.0034550156956427314,
      "wrong_to_wrong_ratio": 0.6823458569426073,
      "correct_to_correct_ratio": 0.29887860061992855
    },
    {
      "mode": "error_aware_adapter",
      "seed": 7,
      "requested_refine_ratio": 0.1,
      "loss": 4.52091253326995,
      "ppl": 91.91943926484134,
      "final_acc": 0.31615367909814224,
      "top5": 0.5235434640974512,
      "correction_precision": 0.17010923535253228,
      "correction_recall": 0.024237707817474353,
      "wrong_edit_rate": 0.010219740751624384,
      "preserve": 0.9897802592483756,
      "refine_ratio": 0.10263370910742137,
      "accept_rate": 1.0,
      "latency": 0.027232696764694992,
      "communication_MB": 0.005859375,
      "wrong_to_correct": 1713,
      "correct_to_wrong": 313,
      "wrong_to_wrong": 68962,
      "correct_to_correct": 30314,
      "wrong_to_correct_ratio": 0.016909833961817142,
      "correct_to_wrong_ratio": 0.0030897711792462145,
      "wrong_to_wrong_ratio": 0.6807565497226116,
      "correct_to_correct_ratio": 0.29924384513632507
    },
    {
      "mode": "error_aware_adapter_gate",
      "seed": 7,
      "requested_refine_ratio": 0.1,
      "loss": 4.5173117675347445,
      "ppl": 91.58905407434162,
      "final_acc": 0.3162721367791357,
      "top5": 0.523523721150619,
      "correction_precision": 0.1728744939271255,
      "correction_recall": 0.024166961443226033,
      "wrong_edit_rate": 0.009664674960002612,
      "preserve": 0.9903353250399974,
      "refine_ratio": 0.10263370910742137,
      "accept_rate": 0.9684524382033279,
      "latency": 0.02710869530470518,
      "communication_MB": 0.005859375,
      "wrong_to_correct": 1708,
      "correct_to_wrong": 296,
      "wrong_to_wrong": 68967,
      "correct_to_correct": 30331,
      "wrong_to_correct_ratio": 0.01686047659473653,
      "correct_to_wrong_ratio": 0.0029219561311721385,
      "wrong_to_wrong_ratio": 0.6808059070896922,
      "correct_to_correct_ratio": 0.29941166018439913
    },
    {
      "mode": "utility_gate",
      "seed": 7,
      "requested_refine_ratio": 0.1,
      "loss": 4.547415727067564,
      "ppl": 94.38816807123918,
      "final_acc": 0.31208663205069986,
      "top5": 0.5196837179917474,
      "correction_precision": 0.1517604208822339,
      "correction_recall": 0.02122391227449593,
      "wrong_edit_rate": 0.016717275606491003,
      "preserve": 0.983282724393509,
      "refine_ratio": 0.10263370910742137,
      "accept_rate": 0.9506588438972781,
      "latency": 0.027209846159166773,
      "communication_MB": 0.005859375,
      "wrong_to_correct": 1500,
      "correct_to_wrong": 512,
      "wrong_to_wrong": 69175,