{
  "benchmark": [
    {
      "mode": "random_refine_mask",
      "seed": 7,
      "requested_refine_ratio": 0.05,
      "loss": 4.263276665404327,
      "ppl": 71.04238461983978,
      "final_acc": 0.29798029653906144,
      "top5": 0.5022901818325404,
      "correction_precision": 0.13002826701456838,
      "correction_recall": 0.008461266360099045,
      "wrong_edit_rate": 0.03392431514676592,
      "preserve": 0.966075684853234,
      "refine_ratio": 0.05525063671003534,
      "accept_rate": 1.0,
      "latency": 0.024453180279160734,
      "communication_MB": 0.005859375,
      "wrong_to_correct": 598,
      "correct_to_wrong": 1039,
      "wrong_to_wrong": 70077,
      "correct_to_correct": 29588,
      "wrong_to_correct_ratio": 0.00590314110284101,
      "correct_to_wrong_ratio": 0.010256460879350851,
      "wrong_to_wrong_ratio": 0.6917632425815877,
      "correct_to_correct_ratio": 0.2920771554362204
    },
    {
      "mode": "low_conf_refine",
      "seed": 7,
      "requested_refine_ratio": 0.05,
      "loss": 4.3890574288197355,
      "ppl": 80.56444545643349,
      "final_acc": 0.30674616493257784,
      "top5": 0.5142149217192158,
      "correction_precision": 0.13076474022183304,
      "correction_recall": 0.009508312698974177,
      "wrong_edit_rate": 0.0073464590067587425,
      "preserve": 0.9926535409932412,
      "refine_ratio": 0.05525063671003534,
      "accept_rate": 1.0,
      "latency": 0.024431073649102474,
      "communication_MB": 0.005859375,
      "wrong_to_correct": 672,
      "correct_to_wrong": 225,
      "wrong_to_wrong": 70003,
      "correct_to_correct": 30402,
      "wrong_to_correct_ratio": 0.0066336301356340445,
      "correct_to_wrong_ratio": 0.00222108151862747,
      "wrong_to_wrong_ratio": 0.6910327535487947,
      "correct_to_correct_ratio": 0.3001125347969438
    },
    {
      "mode": "draft_refine_adapter",
      "seed": 7,
      "requested_refine_ratio": 0.05,
      "loss": 4.464858187270874,
      "ppl": 86.90870390532149,
      "final_acc": 0.3067659078794101,
      "top5": 0.5138496772028193,
      "correction_precision": 0.1289237668161435,
      "correction_recall": 0.009762999646268129,
      "wrong_edit_rate": 0.007868873869461586,
      "preserve": 0.9921311261305384,
      "refine_ratio": 0.05525063671003534,
      "accept_rate": 1.0,
      "latency": 0.027009230414405463,
      "communication_MB": 0.005859375,
      "wrong_to_correct": 690,
      "correct_to_wrong": 241,
      "wrong_to_wrong": 69985,
      "correct_to_correct": 30386,
      "wrong_to_correct_ratio": 0.006811316657124243,
      "correct_to_wrong_ratio": 0.002379025093285424,
      "wrong_to_wrong_ratio": 0.6908550670273045,
      "correct_to_correct_ratio": 0.29995459122228585
    },
    {
      "mode": "adapter_gate",
      "seed": 7,
      "requested_refine_ratio": 0.05,
      "loss": 4.463207932860639,
      "ppl": 86.76540070930149,
      "final_acc": 0.3069041085072358,
      "top5": 0.5138891630964838,
      "correction_precision": 0.1316548145300788,
      "correction_recall": 0.009692253272019809,
      "wrong_edit_rate": 0.007248506220001959,
      "preserve": 0.992751493779998,
      "refine_ratio": 0.05525063671003534,
      "accept_rate": 0.9530105413614436,
      "latency": 0.02703118874982465,
      "communication_MB": 0.005859375,
      "wrong_to_correct": 685,
      "correct_to_wrong": 222,
      "wrong_to_wrong": 69990,
      "correct_to_correct": 30405,
      "wrong_to_correct_ratio": 0.006761959290043632,
      "correct_to_wrong_ratio": 0.0021914670983791042,
      "wrong_to_wrong_ratio": 0.6909044243943852,
      "correct_to_correct_ratio": 0.3001421492171922
    },
    {
      "mode": "oracle_refine_mask",
      "seed": 7,
      "requested_refine_ratio": 0.05,
      "loss": 4.369161574165691,
      "ppl": 78.977387251119,
      "final_acc": 0.3086414878284733,
      "top5": 0.5135239185800873,
      "correction_precision": 0.12352600038662286,
      "correction_recall": 0.009041386628935267,
      "wrong_edit_rate": 0.0,
      "preserve": 1.0,
      "refine_ratio": 0.05525063671003534,
      "accept_rate": 1.0,
      "latency": 0.024507389699938358,
      "communication_MB": 0.005859375,
      "wrong_to_correct": 639,
      "correct_to_wrong": 0,
      "wrong_to_wrong": 70036,
      "correct_to_correct": 30627,
      "wrong_to_correct_ratio": 0.006307871512902016,
      "correct_to_wrong_ratio": 0.0,
      "wrong_to_wrong_ratio": 0.6913585121715268,
      "correct_to_correct_ratio": 0.30233361631557126
    },
    {
      "mode": "error_aware_refine",
      "seed": 7,
      "requested_refine_ratio": 0.05,
      "loss": 4.217787005955892,
      "ppl": 67.88309306270823,
      "final_acc": 0.30911531855244717,
      "top5": 0.5161003731416951,
      "correction_precision": 0.15354477611940298,
      "correction_recall": 0.011644853201273436,
      "wrong_edit_rate": 0.004440526332974173,
      "preserve": 0.9955594736670258,
      "refine_ratio": 0.05525063671003534,
      "accept_rate": 1.0,
      "latency": 0.024521775274697576,
      "communication_MB": 0.005859375,
      "wrong_to_correct": 823,
      "correct_to_wrong": 136,
      "wrong_to_wrong": 69852,
      "correct_to_correct": 30491,
      "wrong_to_correct_ratio": 0.008124222621468481,
      "correct_to_wrong_ratio": 0.0013425203845926043,
      "wrong_to_wrong_ratio": 0.6895421610629603,
      "correct_to_correct_ratio": 0.30099109593097867
    },
    {
      "mode": "error_aware_adapter",
      "seed": 7,
      "requested_refine_ratio": 0.05,
      "loss": 4.358460031782674,
      "ppl": 78.13671366915877,
      "final_acc": 0.3107441116661073,
      "top5": 0.5168407336479043,
      "correction_precision": 0.17642752562225475,
      "correction_recall": 0.013639900955076053,
      "wrong_edit_rate": 0.003656904038919907,
      "preserve": 0.9963430959610801,
      "refine_ratio": 0.05525063671003534,
      "accept_rate": 1.0,
      "latency": 0.02696232045949728,
      "communication_MB": 0.005859375,
      "wrong_to_correct": 964,
      "correct_to_wrong": 112,
      "wrong_to_wrong": 69711,
      "correct_to_correct": 30515,
      "wrong_to_correct_ratio": 0.009516100373141696,
      "correct_to_wrong_ratio": 0.001105605022605674,
      "wrong_to_wrong_ratio": 0.688150283311287,
      "correct_to_correct_ratio": 0.3012280112929656
    },
    {
      "mode": "error_aware_adapter_gate",
      "seed": 7,
      "requested_refine_ratio": 0.05,
      "loss": 4.357360386758544,
      "ppl": 78.05083824566519,
      "final_acc": 0.31081321198002015,
      "top5": 0.5168802195415688,
      "correction_precision": 0.17848546565450843,
      "correction_recall": 0.013639900955076053,
      "wrong_edit_rate": 0.003428347536487413,
      "preserve": 0.9965716524635125,
      "refine_ratio": 0.05525063671003534,
      "accept_rate": 0.980346614257638,
      "latency": 0.026858816589810885,
      "communication_MB": 0.005859375,
      "wrong_to_correct": 964,
      "correct_to_wrong": 105,
      "wrong_to_wrong": 69711,
      "correct_to_correct": 30522,
      "wrong_to_correct_ratio": 0.009516100373141696,
      "correct_to_wrong_ratio": 0.0010365047086928194,
      "wrong_to_wrong_ratio": 0.688150283311287,
      "correct_to_correct_ratio": 0.30129711160687844
    },
    {
      "mode": "utility_gate",
      "seed": 7,
      "requested_refine_ratio": 0.05,
      "loss": 4.465205014355667,
      "ppl": 86.93885142542617,
      "final_acc": 0.3067659078794101,
      "top5": 0.5138398057294031,
      "correction_precision": 0.1289237668161435,
      "correction_recall": 0.009762999646268129,
      "wrong_edit_rate": 0.007868873869461586,
      "preserve": 0.9921311261305384,
      "refine_ratio": 0.05525063671003534,
      "accept_rate": 0.9562265499374665,
      "latency": 0.02696171538977069,
      "communication_MB": 0.005859375,
      "wrong_to_correct": 690,
      "correct_to_wrong": 241,
      "wrong_to_wrong": 69985,