{
  "benchmark": [
    {
      "mode": "random_refine_mask",
      "seed": 7,
      "requested_refine_ratio": 0.3,
      "loss": 4.700545824517131,
      "ppl": 110.00720069539022,
      "final_acc": 0.26846459102485637,
      "top5": 0.4656768869321435,
      "correction_precision": 0.10816012317167052,
      "correction_recall": 0.039759462327555714,
      "wrong_edit_rate": 0.20377444738302805,
      "preserve": 0.7962255526169719,
      "refine_ratio": 0.3048607135100985,
      "accept_rate": 1.0,
      "latency": 0.024938103000604315,
      "communication_MB": 0.005859375,
      "wrong_to_correct": 2810,
      "correct_to_wrong": 6241,
      "wrong_to_wrong": 67865,
      "correct_to_correct": 24386,
      "wrong_to_correct_ratio": 0.027738840299303073,
      "correct_to_wrong_ratio": 0.06160786559001796,
      "wrong_to_wrong_ratio": 0.6699275433851256,
      "correct_to_correct_ratio": 0.2407257507255533
    },
    {
      "mode": "low_conf_refine",
      "seed": 7,
      "requested_refine_ratio": 0.3,
      "loss": 4.466829144065748,
      "ppl": 87.08016612262236,
      "final_acc": 0.3236757418412272,
      "top5": 0.5287654735345798,
      "correction_precision": 0.14824209117170437,
      "correction_recall": 0.059540148567385924,
      "wrong_edit_rate": 0.06680380056812617,
      "preserve": 0.9331961994318738,
      "refine_ratio": 0.3048607135100985,
      "accept_rate": 1.0,
      "latency": 0.024897634135122644,
      "communication_MB": 0.005859375,
      "wrong_to_correct": 4208,
      "correct_to_wrong": 2046,
      "wrong_to_wrong": 66467,
      "correct_to_correct": 28581,
      "wrong_to_correct_ratio": 0.041539160135041754,
      "correct_to_wrong_ratio": 0.020197034609385798,
      "wrong_to_wrong_ratio": 0.656127223549387,
      "correct_to_correct_ratio": 0.28213658170618544
    },
    {
      "mode": "draft_refine_adapter",
      "seed": 7,
      "requested_refine_ratio": 0.3,
      "loss": 5.148515643942818,
      "ppl": 172.17573045606272,
      "final_acc": 0.32287615249452134,
      "top5": 0.5224279876014294,
      "correction_precision": 0.14377542995862824,
      "correction_recall": 0.05949770074283693,
      "wrong_edit_rate": 0.06935057302380253,
      "preserve": 0.9306494269761975,
      "refine_ratio": 0.3048607135100985,
      "accept_rate": 1.0,
      "latency": 0.027535156650410498,
      "communication_MB": 0.005859375,
      "wrong_to_correct": 4205,
      "correct_to_wrong": 2124,
      "wrong_to_wrong": 66470,
      "correct_to_correct": 28503,
      "wrong_to_correct_ratio": 0.04150954571479339,
      "correct_to_wrong_ratio": 0.02096700953584332,
      "wrong_to_wrong_ratio": 0.6561568379696353,
      "correct_to_correct_ratio": 0.28136660677972797
    },
    {
      "mode": "adapter_gate",
      "seed": 7,
      "requested_refine_ratio": 0.3,
      "loss": 5.1231008114196905,
      "ppl": 167.8550503457106,
      "final_acc": 0.32413970109178497,
      "top5": 0.5233361631557126,
      "correction_precision": 0.1471126116620947,
      "correction_recall": 0.05918641669614432,
      "wrong_edit_rate": 0.06445293368596336,
      "preserve": 0.9355470663140366,
      "refine_ratio": 0.3048607135100985,
      "accept_rate": 0.9488067869054172,
      "latency": 0.027547924695318214,
      "communication_MB": 0.005859375,
      "wrong_to_correct": 4183,
      "correct_to_wrong": 1974,
      "wrong_to_wrong": 66492,
      "correct_to_correct": 28653,
      "wrong_to_correct_ratio": 0.0412923732996387,
      "correct_to_wrong_ratio": 0.019486288523425006,
      "wrong_to_wrong_ratio": 0.65637401038479,
      "correct_to_correct_ratio": 0.2828473277921463
    },
    {
      "mode": "oracle_refine_mask",
      "seed": 7,
      "requested_refine_ratio": 0.3,
      "loss": 4.4651296600199,
      "ppl": 86.93230045284987,
      "final_acc": 0.34385303350378077,
      "top5": 0.5175416082604489,
      "correction_precision": 0.1515020531661984,
      "correction_recall": 0.05951185001768659,
      "wrong_edit_rate": 0.0,
      "preserve": 1.0,
      "refine_ratio": 0.3048607135100985,
      "accept_rate": 1.0,
      "latency": 0.025050209175387864,
      "communication_MB": 0.005859375,
      "wrong_to_correct": 4206,
      "correct_to_wrong": 0,
      "wrong_to_wrong": 66469,
      "correct_to_correct": 30627,
      "wrong_to_correct_ratio": 0.04151941718820951,
      "correct_to_wrong_ratio": 0.0,
      "wrong_to_wrong_ratio": 0.6561469664962192,
      "correct_to_correct_ratio": 0.30233361631557126
    },
    {
      "mode": "error_aware_refine",
      "seed": 7,
      "requested_refine_ratio": 0.3,
      "loss": 4.467599274438991,
      "ppl": 87.14725503374865,
      "final_acc": 0.3266371838660639,
      "top5": 0.5319638309214033,
      "correction_precision": 0.14986262303064027,
      "correction_recall": 0.06096922532720198,
      "wrong_edit_rate": 0.06030626571325954,
      "preserve": 0.9396937342867404,
      "refine_ratio": 0.3048607135100985,
      "accept_rate": 1.0,
      "latency": 0.024958410639010255,
      "communication_MB": 0.005859375,
      "wrong_to_correct": 4309,
      "correct_to_wrong": 1847,
      "wrong_to_wrong": 66366,
      "correct_to_correct": 28780,
      "wrong_to_correct_ratio": 0.042536178950070086,
      "correct_to_wrong_ratio": 0.018232611399577502,
      "wrong_to_wrong_ratio": 0.6551302047343587,
      "correct_to_correct_ratio": 0.28410100491599377
    },
    {
      "mode": "error_aware_adapter",
      "seed": 7,
      "requested_refine_ratio": 0.3,
      "loss": 5.207835194266741,
      "ppl": 182.6981238419171,
      "final_acc": 0.3244852026613492,
      "top5": 0.5244911255453989,
      "correction_precision": 0.14138503779532896,
      "correction_recall": 0.05901662539794836,
      "wrong_edit_rate": 0.06291834002677377,
      "preserve": 0.9370816599732262,
      "refine_ratio": 0.3048607135100985,
      "accept_rate": 1.0,
      "latency": 0.027494335990559192,
      "communication_MB": 0.005859375,
      "wrong_to_correct": 4171,
      "correct_to_wrong": 1927,
      "wrong_to_wrong": 66504,
      "correct_to_correct": 28700,
      "wrong_to_correct_ratio": 0.04117391561864524,
      "correct_to_wrong_ratio": 0.019022329272867268,
      "wrong_to_wrong_ratio": 0.6564924680657835,
      "correct_to_correct_ratio": 0.283311287042704
    },
    {
      "mode": "error_aware_adapter_gate",
      "seed": 7,
      "requested_refine_ratio": 0.3,
      "loss": 5.1795335112807805,
      "ppl": 177.5999432963625,
      "final_acc": 0.3254427355827131,
      "top5": 0.5253993010996821,
      "correction_precision": 0.14441161133321745,
      "correction_recall": 0.05877608772550407,
      "wrong_edit_rate": 0.059196134130016,
      "preserve": 0.940803865869984,
      "refine_ratio": 0.3048607135100985,
      "accept_rate": 0.9547647573098469,
      "latency": 0.027406812050321604,
      "communication_MB": 0.005859375,
      "wrong_to_correct": 4154,
      "correct_to_wrong": 1813,
      "wrong_to_wrong": 66521,
      "correct_to_correct": 28814,
      "wrong_to_correct_ratio": 0.04100610057057116,
      "correct_to_wrong_ratio": 0.01789698130342935,
      "wrong_to_wrong_ratio": 0.6566602831138576,
      "correct_to_correct_ratio": 0.2844366350121419
    },
    {
      "mode": "utility_gate",
      "seed": 7,
      "requested_refine_ratio": 0.3,
      "loss": 5.143921623855834,
      "ppl": 171.38656579894408,
      "final_acc": 0.32287615249452134,
      "top5": 0.5226155455963357,
      "correction_precision": 0.14377542995862824,
      "correction_recall": 0.05949770074283693,
      "wrong_edit_rate": 0.06935057302380253,
      "preserve": 0.9306494269761975,
      "refine_ratio": 0.3048607135100985,
      "accept_rate": 0.9470258718388758,
      "latency": 0.027440917099593207,
      "communication_MB": 0.005859375,
      "wrong_to_correct": 4205,
      "correct_to_wrong": 2124,
      "wrong_to_wrong": 66470,
      "correct_to_correct": 28503,