mode,num_seeds,requested_refine_ratio,mean_final_acc,std_final_acc,mean_top5,std_top5,mean_correction_precision,std_correction_precision,mean_correction_recall,std_correction_recall,mean_wrong_edit_rate,std_wrong_edit_rate,mean_preserve,std_preserve,mean_refine_ratio,std_refine_ratio
gpt2_only,3,0.2,0.30233361631557126,0.0,0.506554658348305,0.0,0.0,0.0,0.0,0.0,0.0,0.0,1.0,0.0,0.0,0.0
direct_draft_context,3,0.2,0.3038242088014057,0.0,0.46006989003178617,0.0,0.1490715491494611,0.0,0.03248673505482844,0.0,0.07003624253110001,0.0,0.9299637574689,0.0,1.0,0.0
random_refine_mask,3,0.2,0.2824985357314433,0.0010034757219373265,0.48370877837225984,0.0006122612891698287,0.12213013110300643,0.0028968433049743367,0.029845537082891168,0.0006503879891876225,0.1344782925740904,0.0020805130458616088,0.8655217074259096,0.002080513045861615,0.20421117055931767,0.0
low_conf_refine,3,0.2,0.3182859173560246,0.0,0.5277980691397998,0.0,0.147502356267672,0.0,0.03985850725150336,0.0,0.03921376563163222,0.0,0.9607862343683677,0.0,0.20421117055931767,0.0
draft_refine_adapter,3,0.2,0.320260212039249,0.0,0.5256559594085013,0.0,0.15417155088935325,0.0,0.042801556420233464,0.0,0.03947497306298364,0.0,0.9605250269370164,0.0,0.20421117055931767,0.0
adapter_gate,3,0.2,0.3210400584391226,0.0,0.5261100471856429,0.0,0.15755862646566166,0.0,0.0425893172974885,0.0,0.03640578574460444,0.0,0.9635942142553956,0.0,0.20421117055931767,0.0
oracle_refine_mask,3,0.2,0.32936171052891355,0.0,0.5172750784782136,0.0,0.1465660296558,0.0,0.038740714538379906,0.0,0.0,0.0,1.0,0.0,0.20421117055931767,0.0
